<?xml version="1.0" encoding="UTF-8" standalone="yes"?>
<connection-factories>
    <no-tx-connection-factory>
        <jndi-name>stateService</jndi-name>
        <rar-name>teiid-connector-ws.rar</rar-name>
        <use-java-context>true</use-java-context>
        <connection-definition>javax.resource.cci.ConnectionFactory</connection-definition>
        <jmx-invoker-name>jboss:service=invoker,type=jrmp</jmx-invoker-name>
        <min-pool-size>0</min-pool-size>
        <max-pool-size>10</max-pool-size>
        <blocking-timeout-millis>3000</blocking-timeout-millis>
        <idle-timeout-minutes>30</idle-timeout-minutes>
        <prefill>false</prefill>
        <background-validation>false</background-validation>
        <background-validation-millis>0</background-validation-millis>
        <validate-on-match>true</validate-on-match>
        <statistics-formatter>org.jboss.resource.statistic.pool.JBossDefaultSubPoolStatisticFormatter</statistics-formatter>
        <isSameRM-override-value>false</isSameRM-override-value>
        <allocation-retry>0</allocation-retry>
        <allocation-retry-wait-millis>5000</allocation-retry-wait-millis>
        <config-property type="java.lang.String" name="EndPoint">http://localhost:8080/StateService/StateService</config-property>
        <config-property type="java.lang.String" name="SecurityType">None</config-property>
        <config-property type="java.lang.String" name="template-name">connector-ws</config-property>
    </no-tx-connection-factory>
</connection-factories>
