<?xml version="1.0" encoding="ASCII"?>
<application xmlns:xsi="http://www.w3.org/2001/XMLSchema-instance" xmlns="http://java.sun.com/xml/ns/javaee" xmlns:application="http://java.sun.com/xml/ns/javaee/application_5.xsd" xsi:schemaLocation="http://java.sun.com/xml/ns/javaee http://java.sun.com/xml/ns/javaee/application_5.xsd" version="5">
  <display-name>StateServiceEAR</display-name>
  <module>
    <web>
      <web-uri>StateService.war</web-uri>
      <context-root>StateService</context-root>
    </web>
  </module>
</application>